,knn_result_y_test,knn_result_y_test_pred_prob,LR_result_y_test,LR_y_test_pred_prob,RF_result_y_test,RF_y_test_pred_prob,SVM_result_y_test,SVM_y_test_pred_prob,y_test_nb,y_prob_nb,y_test_xgb,y_prob_xgb
0,0.0,0.0,0.0,1.4301638193774644e-12,0.0,0.0,0.0,0.0,1,0.838687182594304,0.0,0.0028897363
1,0.0,0.0,0.0,7.912416365798049e-05,0.0,0.0,0.0,0.0,0,0.6169659771999851,0.0,0.0028897363
2,1.0,1.0,1.0,1.0,1.0,1.0,1.0,1.0,0,0.0033200569844555666,1.0,0.9972645
3,0.0,0.0,0.0,3.967452740194726e-06,0.0,0.0,0.0,0.0,0,0.016368161784402053,0.0,0.0028897363
4,1.0,1.0,1.0,1.0,1.0,1.0,1.0,1.0,1,0.8694515671121925,1.0,0.9972645
5,1.0,1.0,1.0,0.9999973202202764,1.0,1.0,1.0,1.0,1,0.9038337513844851,1.0,0.9972645
6,0.0,0.0,0.0,2.788069583350176e-16,0.0,0.0,0.0,0.0,1,0.8848810189968471,0.0,0.0028897363
7,1.0,1.0,1.0,0.999997346099923,1.0,1.0,1.0,1.0,1,0.9261507096431036,1.0,0.9972645
8,1.0,1.0,1.0,0.9999999999999998,1.0,1.0,1.0,1.0,1,0.9327155577801013,1.0,0.9972645
9,1.0,1.0,1.0,1.0,1.0,1.0,1.0,1.0,1,0.8699760737333192,1.0,0.9972645
10,0.0,0.0,0.0,1.7039188283930754e-06,0.0,0.03,0.0,0.0,1,0.8155966380757474,0.0,0.0028897363
11,1.0,1.0,1.0,0.999911055164969,1.0,1.0,1.0,1.0,1,0.7990573796473485,1.0,0.9972645
12,1.0,1.0,1.0,1.0,1.0,1.0,1.0,1.0,1,0.9800238169687252,1.0,0.9972645
13,1.0,1.0,1.0,1.0,1.0,1.0,1.0,1.0,1,0.6345874135297147,1.0,0.9972645
14,1.0,1.0,1.0,0.9999999150035978,1.0,1.0,1.0,1.0,0,0.5871331148433256,1.0,0.9972645
15,0.0,0.0,0.0,2.612465881329718e-05,0.0,0.0,0.0,0.0,1,0.937235698299638,0.0,0.0028897363
16,1.0,1.0,1.0,0.9999994975305928,1.0,1.0,1.0,1.0,1,0.9371962000489398,1.0,0.9972645
17,0.0,0.0,0.0,1.5381745004210439e-18,0.0,0.0,0.0,0.0,1,0.9415095474339985,0.0,0.0028897363
18,1.0,1.0,1.0,0.999999999999994,1.0,1.0,1.0,1.0,1,0.9325108879392324,1.0,0.9972645
19,0.0,0.0,0.0,0.003992574623659284,0.0,0.02,0.0,0.0,1,0.9292600580685335,0.0,0.0028897363
20,1.0,1.0,1.0,0.999916333989081,1.0,1.0,1.0,1.0,1,0.9398952676967792,1.0,0.9972645
21,1.0,1.0,1.0,1.0,1.0,1.0,1.0,1.0,1,0.9887095527351191,1.0,0.9972645
22,0.0,0.0,0.0,0.0016138244067779922,0.0,0.0,0.0,0.0,1,0.9166330781828472,0.0,0.0028897363
23,1.0,1.0,1.0,1.0,1.0,1.0,1.0,1.0,1,0.9147038131869997,1.0,0.9972645
24,1.0,1.0,1.0,0.9999849532201787,1.0,1.0,1.0,1.0,1,0.879255346205206,1.0,0.9972645
25,0.0,0.0,0.0,7.067214699854267e-18,0.0,0.0,0.0,0.0,1,0.9005462445218677,0.0,0.0028897363
26,1.0,1.0,1.0,1.0,1.0,1.0,1.0,1.0,1,0.9703297739435074,1.0,0.9972645
27,1.0,1.0,1.0,1.0,1.0,1.0,1.0,1.0,1,0.8491707001398289,1.0,0.9972645
28,1.0,1.0,1.0,1.0,1.0,1.0,1.0,1.0,1,0.9350612601379799,1.0,0.9972645
29,0.0,0.0,0.0,2.0011780658472818e-14,0.0,0.0,0.0,0.0,1,0.9266277994663938,0.0,0.0028897363
30,1.0,1.0,1.0,1.0,1.0,1.0,1.0,1.0,1,0.9181799264315867,1.0,0.9972645
31,0.0,0.0,0.0,0.0016138244067779922,0.0,0.0,0.0,0.0,1,0.9041836748282791,0.0,0.0028897363
32,0.0,0.0,0.0,5.317588998911509e-07,0.0,0.0,0.0,0.0,1,0.9233153410682541,0.0,0.0028897363
33,0.0,0.0,0.0,6.595589370983876e-20,0.0,0.0,0.0,0.0,0,0.07203656676360852,0.0,0.0028897363
34,0.0,0.0,0.0,4.9519344151114253e-42,0.0,0.0,0.0,0.0,1,0.9530667663764544,0.0,0.0028897363
35,0.0,0.0,0.0,7.798587698862623e-05,0.0,0.0,0.0,0.0,1,0.9302521113815985,0.0,0.0028897363
36,0.0,0.0,0.0,8.568212497342764e-05,0.0,0.01,0.0,0.0,1,0.9700132339865647,0.0,0.0028897363
37,0.0,0.0,0.0,7.897461524811477e-06,0.0,0.0,0.0,0.0,1,0.8492489748911269,0.0,0.0028897363
38,0.0,0.0,0.0,9.189698284068524e-26,0.0,0.0,0.0,0.0,1,0.9540061824361359,0.0,0.0028897363
39,0.0,0.0,0.0,0.0016138244067779922,0.0,0.0,0.0,0.0,1,0.9100577719613577,0.0,0.0028897363
40,0.0,0.0,0.0,0.0016138244067779922,0.0,0.0,0.0,0.0,1,0.9445322692208652,0.0,0.0028897363
41,1.0,1.0,1.0,0.9999999989526325,1.0,1.0,1.0,1.0,1,0.920095011471538,1.0,0.9972645
42,1.0,1.0,1.0,0.9999995273543403,1.0,1.0,1.0,1.0,1,0.9373341308287123,1.0,0.9972645
43,0.0,0.0,0.0,3.434785845328867e-11,0.0,0.0,0.0,0.0,0,0.5654039997231488,0.0,0.0028897363
44,1.0,1.0,1.0,1.0,1.0,1.0,1.0,1.0,1,0.9444114852113357,1.0,0.9972645
45,1.0,1.0,1.0,1.0,1.0,1.0,1.0,1.0,1,0.9199285308335382,1.0,0.9972645
46,1.0,1.0,1.0,0.9999999096403573,1.0,1.0,1.0,1.0,0,0.06074937316244169,1.0,0.9972645
47,0.0,0.0,0.0,3.938916340759682e-15,0.0,0.0,0.0,0.0,1,0.9566203271228912,0.0,0.0028897363
48,0.0,0.0,0.0,1.456687848065757e-09,0.0,0.0,0.0,0.0,1,0.9223281631861029,0.0,0.0028897363
49,0.0,0.0,0.0,1.1657014805086825e-17,0.0,0.0,0.0,0.0,1,0.8939975378412891,0.0,0.0028897363
50,1.0,1.0,1.0,1.0,1.0,1.0,1.0,1.0,1,0.9019101596199304,1.0,0.9972645
51,0.0,0.0,0.0,8.717590901827393e-08,0.0,0.0,0.0,0.0,1,0.9040771166830212,0.0,0.0028897363
52,0.0,0.0,0.0,6.515454616279915e-07,0.0,0.0,0.0,0.0,0,0.2961874084675382,0.0,0.0028897363
53,1.0,1.0,1.0,1.0,1.0,1.0,1.0,1.0,1,0.9408821388197458,1.0,0.9972645
54,1.0,1.0,1.0,0.9999851246549594,1.0,1.0,1.0,1.0,1,0.944464109904566,1.0,0.9972645
55,0.0,0.0,0.0,0.0016138244067779922,0.0,0.0,0.0,0.0,1,0.965828406319897,0.0,0.0028897363
56,1.0,1.0,1.0,1.0,1.0,1.0,1.0,1.0,0,0.7815126050420168,1.0,0.9972645
57,0.0,0.0,0.0,0.00016880960370050003,0.0,0.0,0.0,0.0,1,0.7618476789202421,0.0,0.0028897363
58,0.0,0.0,0.0,8.107018609881338e-06,0.0,0.0,0.0,0.0,1,0.9379563413010306,0.0,0.0028897363
59,0.0,0.0,0.0,2.0016172265703337e-10,0.0,0.0,0.0,0.0,0,0.04029428980673566,0.0,0.0028897363
60,1.0,1.0,1.0,1.0,1.0,1.0,1.0,1.0,0,0.07843131160543727,1.0,0.9972645
61,0.0,0.0,0.0,2.559989328444088e-15,0.0,0.0,0.0,0.0,1,0.8547238053351625,0.0,0.0028897363
62,0.0,0.0,0.0,0.0005740989112892289,0.0,0.0,0.0,0.0,1,0.9760887059306659,0.0,0.0028897363
63,0.0,0.0,0.0,0.0007218686048013647,0.0,0.01,0.0,0.0,1,0.9270011232370824,0.0,0.0028897363
64,0.0,0.0,0.0,0.0016138244067779922,0.0,0.0,0.0,0.0,1,0.9691251571996305,0.0,0.0028897363
65,1.0,1.0,1.0,1.0,1.0,1.0,1.0,1.0,1,0.9637126741953573,1.0,0.9972645
66,1.0,1.0,1.0,0.9999999999849187,1.0,1.0,1.0,1.0,1,0.9482341797379625,1.0,0.9972645
67,1.0,1.0,1.0,0.9999850985308443,1.0,1.0,1.0,1.0,1,0.9861738699440791,1.0,0.9972645
68,0.0,0.0,0.0,4.354879346186327e-14,0.0,0.0,0.0,0.0,1,0.9252828884075919,0.0,0.0028897363
69,1.0,1.0,1.0,1.0,1.0,0.99,1.0,1.0,1,0.9055724807170965,1.0,0.9972645
70,1.0,1.0,1.0,1.0,1.0,1.0,1.0,1.0,1,0.9575451256347977,1.0,0.9972645
71,1.0,1.0,1.0,1.0,1.0,1.0,1.0,1.0,1,0.9668097742696748,1.0,0.9972645
72,1.0,1.0,1.0,1.0,1.0,1.0,1.0,1.0,1,0.9009815687911173,1.0,0.9972645
73,1.0,1.0,1.0,1.0,1.0,1.0,1.0,1.0,0,0.028031322490967674,1.0,0.9972645
74,0.0,0.0,0.0,0.0014576465013931557,0.0,0.0,0.0,0.0,1,0.9029411786211837,0.0,0.0028897363
75,0.0,0.0,0.0,1.2914295951574425e-05,0.0,0.0,0.0,0.0,0,0.08454090096399469,0.0,0.0028897363
76,0.0,0.0,0.0,1.8757992993713626e-05,0.0,0.0,0.0,0.0,1,0.9293025425166739,0.0,0.0028897363
77,1.0,1.0,1.0,1.0,1.0,1.0,1.0,1.0,0,0.8969591028723717,1.0,0.9972645
78,0.0,0.0,0.0,0.0016138244067779922,0.0,0.0,0.0,0.0,1,0.9714874285984284,0.0,0.0028897363
79,1.0,1.0,1.0,1.0,1.0,1.0,1.0,1.0,0,0.01267374850832669,1.0,0.9972645
80,0.0,1.0,0.0,2.0898198746597388e-05,0.0,0.0,0.0,0.0,1,0.8386769644497647,0.0,0.0028897363
81,1.0,1.0,1.0,1.0,1.0,1.0,1.0,1.0,0,0.04971664611465441,1.0,0.9972645
82,1.0,1.0,1.0,1.0,1.0,1.0,1.0,1.0,1,0.9022244150595092,1.0,0.9972645
83,1.0,1.0,1.0,1.0,1.0,1.0,1.0,1.0,1,0.9526614686983961,1.0,0.9972645
84,1.0,1.0,1.0,0.9999999999999993,1.0,1.0,1.0,1.0,1,0.6488574621455816,1.0,0.9972645
85,0.0,0.0,0.0,0.0016138244067779922,0.0,0.0,0.0,0.0,1,0.20026405646020562,0.0,0.0028897363
86,0.0,0.0,0.0,0.0016138244067779922,0.0,0.0,0.0,0.0,0,0.01267374850832669,0.0,0.0028897363
87,1.0,1.0,1.0,1.0,1.0,1.0,1.0,1.0,0,0.30596075000296297,1.0,0.9972645
88,0.0,0.0,0.0,3.415008569811505e-06,0.0,0.0,0.0,0.0,1,0.9369868650167142,0.0,0.0028897363
89,1.0,1.0,1.0,1.0,1.0,1.0,1.0,1.0,1,0.952775804558847,1.0,0.9972645
90,0.0,0.0,0.0,5.9885304743319775e-18,0.0,0.0,0.0,0.0,1,0.9611723231830971,0.0,0.0028897363
91,0.0,0.0,0.0,7.874290073144867e-05,0.0,0.0,0.0,0.0,0,0.1992907282136023,0.0,0.0028897363
92,0.0,0.0,0.0,5.624770393517507e-05,0.0,0.0,0.0,0.0,1,0.9673683099607134,0.0,0.0028897363
93,0.0,0.0,0.0,0.0002442204521520957,0.0,0.0,0.0,0.0,1,0.8755779148193963,0.0,0.0028897363
94,0.0,0.0,0.0,0.006432835821416681,0.0,0.07,0.0,0.0,0,0.7815126050420168,0.0,0.0028897363
95,1.0,1.0,1.0,1.0,1.0,1.0,1.0,1.0,1,0.9327648740766912,1.0,0.9972645
96,1.0,1.0,1.0,1.0,1.0,1.0,1.0,1.0,1,0.9545037127815241,1.0,0.9972645
97,0.0,0.0,0.0,1.9273180632388044e-74,0.0,0.0,0.0,0.0,1,0.8915812283540971,0.0,0.0028897363
98,1.0,1.0,1.0,0.9976666566928093,1.0,0.92,1.0,1.0,1,0.8852767184556947,1.0,0.9972645
99,1.0,1.0,1.0,1.0,1.0,1.0,1.0,1.0,1,0.942319995842242,1.0,0.9972645
100,0.0,0.0,0.0,0.0016138244067779922,0.0,0.0,0.0,0.0,1,0.9579164242464486,0.0,0.0028897363
101,0.0,0.0,0.0,0.0005250178796262148,0.0,0.0,0.0,0.0,1,0.8225183797755251,0.0,0.0028897363
102,0.0,0.0,0.0,0.0016138244067779922,0.0,0.0,0.0,0.0,1,0.7992888366833177,0.0,0.0028897363
103,1.0,1.0,1.0,1.0,1.0,1.0,1.0,1.0,1,0.8683174092530879,1.0,0.9972645
104,0.0,0.0,0.0,0.0016138244067779922,0.0,0.0,0.0,0.0,1,0.9245661809406737,0.0,0.0028897363
105,0.0,0.0,0.0,2.0154078536650193e-06,0.0,0.0,0.0,0.0,0,0.7815126050420168,0.0,0.0028897363
106,0.0,0.0,0.0,9.159375334591162e-07,0.0,0.0,0.0,0.0,1,0.8929249010014668,0.0,0.0028897363
107,0.0,0.0,0.0,0.0015285298440658023,0.0,0.0,0.0,0.0,1,0.9469721270405056,0.0,0.0028897363
108,1.0,1.0,1.0,1.0,1.0,1.0,1.0,1.0,1,0.960102714984777,1.0,0.9972645
109,1.0,1.0,1.0,1.0,1.0,1.0,1.0,1.0,1,0.8964247004485619,1.0,0.9972645
110,0.0,0.0,0.0,7.913583242995761e-09,0.0,0.04,0.0,0.0,0,0.023957039858044777,0.0,0.0028897363
111,1.0,1.0,1.0,0.9999999999999107,1.0,1.0,1.0,1.0,1,0.8899047970834187,1.0,0.9972645
112,1.0,1.0,1.0,1.0,1.0,1.0,1.0,1.0,0,0.006830872056231243,1.0,0.9972645
113,1.0,1.0,1.0,1.0,1.0,1.0,1.0,1.0,1,0.955478424942874,1.0,0.9972645
114,0.0,0.0,0.0,0.0004906527315778186,0.0,0.0,0.0,0.0,1,0.9056553881419523,0.0,0.0028897363
115,1.0,1.0,1.0,0.999999997330153,1.0,1.0,1.0,1.0,0,0.13951348932329133,1.0,0.9972645
116,1.0,1.0,1.0,1.0,1.0,1.0,1.0,1.0,1,0.8929054798670216,1.0,0.9972645
117,0.0,0.0,0.0,0.00022367437551190858,0.0,0.02,0.0,0.0,1,0.9708905500757538,0.0,0.0028897363
118,0.0,0.0,0.0,8.718117614993474e-11,0.0,0.01,0.0,0.0,1,0.8460908690602413,0.0,0.0028897363
119,1.0,1.0,1.0,1.0,1.0,1.0,1.0,1.0,0,0.05251694709069218,1.0,0.9972645
120,1.0,1.0,1.0,0.999999985008807,1.0,1.0,1.0,1.0,1,0.7688220191507651,1.0,0.9972645
121,1.0,0.0,1.0,0.8554720862752234,1.0,0.78,1.0,0.0,0,0.01267374850832669,1.0,0.9972645
122,1.0,1.0,1.0,0.9999994975305928,1.0,1.0,1.0,1.0,1,0.9513614720296596,1.0,0.9972645
123,0.0,0.0,0.0,2.230187341535553e-11,0.0,0.0,0.0,0.0,1,0.8871213076641733,0.0,0.0028897363
124,1.0,1.0,1.0,0.9999850985308443,1.0,1.0,1.0,1.0,0,0.7815126050420168,1.0,0.9972645
125,0.0,0.0,0.0,0.0015951557275386797,0.0,0.0,0.0,0.0,0,0.0033200569844555666,0.0,0.0028897363
126,0.0,0.0,0.0,6.895942596580606e-71,0.0,0.0,0.0,0.0,1,0.7051637486486475,0.0,0.0028897363
127,0.0,0.0,0.0,8.06795185751965e-06,0.0,0.0,0.0,0.0,1,0.8739650843948795,0.0,0.0028897363
128,1.0,1.0,1.0,0.9999155181823012,1.0,1.0,1.0,1.0,1,0.9087527842765108,1.0,0.9972645
129,0.0,0.0,0.0,2.4370812037767644e-19,0.0,0.0,0.0,0.0,1,0.8690962969938011,0.0,0.0028897363
130,1.0,1.0,1.0,0.9999999999999141,1.0,1.0,1.0,1.0,1,0.9362216903917112,1.0,0.9972645
131,0.0,0.0,0.0,1.1116551247614982e-05,0.0,0.0,0.0,0.0,1,0.9702296643206337,0.0,0.0028897363
132,1.0,1.0,1.0,0.9999999999999665,1.0,1.0,1.0,1.0,0,0.14464570352811298,1.0,0.9972645
133,0.0,0.0,0.0,0.0007606732690658857,0.0,0.0,0.0,0.0,1,0.8610504020647218,0.0,0.0028897363
134,0.0,0.0,0.0,0.00011582930280885264,0.0,0.09,0.0,0.0,1,0.907866366827077,0.0,0.0028897363
135,0.0,0.0,0.0,8.031628454098638e-06,0.0,0.0,0.0,0.0,1,0.8019435872322803,0.0,0.0028897363
136,0.0,0.0,0.0,0.0006394487938402919,0.0,0.0,0.0,0.0,0,0.14464570352811298,0.0,0.0028897363
137,0.0,0.0,0.0,3.7630527506361043e-06,0.0,0.0,0.0,0.0,0,0.0665276864297292,0.0,0.0028897363
138,0.0,0.0,0.0,0.0016138244067779922,0.0,0.0,0.0,0.0,1,0.874135522386873,0.0,0.0028897363
139,0.0,0.0,0.0,8.26518648170659e-06,0.0,0.0,0.0,0.0,1,0.621126291747258,0.0,0.0028897363
140,0.0,0.0,0.0,9.420153777297316e-11,0.0,0.0,0.0,0.0,1,0.8768990658293522,0.0,0.0028897363
141,0.0,0.0,0.0,1.7681568642354887e-08,0.0,0.01,0.0,0.0,1,0.9717961297917926,0.0,0.0028897363
142,1.0,1.0,1.0,1.0,1.0,1.0,1.0,1.0,1,0.9734643729041766,1.0,0.9972645
143,0.0,0.0,0.0,4.617951132051003e-06,0.0,0.0,0.0,0.0,1,0.9641696649458728,0.0,0.0028897363
144,1.0,1.0,1.0,1.0,1.0,1.0,1.0,1.0,0,0.580393884050832,1.0,0.9972645
145,0.0,0.0,0.0,8.041445449959838e-08,0.0,0.0,0.0,0.0,1,0.9793248173734563,0.0,0.0028897363
146,0.0,0.0,0.0,2.441350455401845e-05,0.0,0.0,0.0,0.0,1,0.8423514681413531,0.0,0.0028897363
147,1.0,1.0,1.0,1.0,1.0,1.0,1.0,1.0,1,0.964200841049543,1.0,0.9972645
148,1.0,1.0,1.0,1.0,1.0,1.0,1.0,1.0,1,0.9243036630849918,1.0,0.9972645
149,0.0,0.0,0.0,0.0016138244067779922,0.0,0.0,0.0,0.0,1,0.9563977867893455,0.0,0.0028897363
150,1.0,1.0,1.0,0.999916333989081,1.0,1.0,1.0,1.0,1,0.9694019019907928,1.0,0.9972645
151,0.0,0.0,0.0,3.655164975486755e-05,0.0,0.0,0.0,0.0,1,0.8454958040554514,0.0,0.0028897363
152,0.0,0.0,0.0,1.7721973683957392e-06,0.0,0.0,0.0,0.0,1,0.9106353344152333,0.0,0.0028897363
153,0.0,0.0,0.0,0.0016138244067779922,0.0,0.0,0.0,0.0,1,0.9480374977034706,0.0,0.0028897363
154,1.0,0.0,1.0,0.08328249835582896,1.0,0.73,1.0,0.0,0,0.04971664611465441,1.0,0.9972645
155,1.0,1.0,1.0,1.0,1.0,1.0,1.0,1.0,1,0.8290268619501123,1.0,0.9972645
156,0.0,0.0,0.0,1.1432209133148064e-14,0.0,0.0,0.0,0.0,0,0.44210362841500117,0.0,0.0028897363
157,1.0,1.0,1.0,1.0,1.0,1.0,1.0,1.0,1,0.9864165505169087,1.0,0.9972645
158,0.0,0.0,0.0,0.0007570104209670785,0.0,0.0,0.0,0.0,1,0.8833590282472187,0.0,0.0028897363
159,0.0,0.0,0.0,5.907838609547423e-15,0.0,0.0,0.0,0.0,1,0.8897191519552687,0.0,0.0028897363
160,1.0,1.0,1.0,0.999999999999994,1.0,1.0,1.0,1.0,0,0.29737151039291754,1.0,0.9972645
161,0.0,0.0,0.0,2.6421901860403534e-10,0.0,0.0,0.0,0.0,1,0.7302754655393072,0.0,0.0028897363
162,0.0,0.0,0.0,0.0005769599591045733,0.0,0.0,0.0,0.0,1,0.9349800654822967,0.0,0.0028897363
163,0.0,0.0,0.0,0.0016138244067779922,0.0,0.0,0.0,0.0,1,0.9628364834526312,0.0,0.0028897363
164,0.0,0.0,0.0,1.328919691994395e-09,0.0,0.0,0.0,0.0,1,0.8194553797154868,0.0,0.0028897363
165,0.0,0.0,0.0,2.1865525609101494e-69,0.0,0.0,0.0,0.0,1,0.9140124668322162,0.0,0.0028897363
166,1.0,1.0,1.0,1.0,1.0,1.0,1.0,1.0,1,0.9926392613063454,1.0,0.9972645
167,1.0,1.0,1.0,1.0,1.0,1.0,1.0,1.0,1,0.623687417167714,1.0,0.9972645
168,0.0,0.0,0.0,5.122324397644924e-05,0.0,0.0,0.0,0.0,1,0.5689929640910169,0.0,0.0028897363
169,1.0,1.0,1.0,1.0,1.0,1.0,1.0,1.0,0,0.580393884050832,1.0,0.9972645
170,0.0,0.0,0.0,0.0058471083650586606,0.0,0.07,0.0,0.0,1,0.8766026821514777,0.0,0.0028897363
171,0.0,0.0,0.0,0.0016138244067779922,0.0,0.0,0.0,0.0,1,0.8869681602077057,0.0,0.0028897363
172,0.0,0.0,0.0,6.205252517782409e-12,0.0,0.01,0.0,0.0,1,0.9419276092209965,0.0,0.0028897363
173,1.0,1.0,1.0,1.0,1.0,1.0,1.0,1.0,1,0.7615253376641394,1.0,0.9972645
174,1.0,1.0,1.0,1.0,1.0,1.0,1.0,1.0,1,0.9502904551617858,1.0,0.9972645
175,1.0,1.0,1.0,0.9999999999995217,1.0,1.0,1.0,1.0,1,0.8860342658429416,1.0,0.9972645
176,1.0,1.0,1.0,0.9999973202202764,1.0,1.0,1.0,1.0,1,0.911550460638652,1.0,0.9972645
177,0.0,0.0,0.0,0.0001663813096644874,0.0,0.0,0.0,0.0,1,0.8569218019011619,0.0,0.0028897363
178,1.0,1.0,1.0,1.0,1.0,1.0,1.0,1.0,0,0.1992907282136023,1.0,0.9972645
179,1.0,1.0,1.0,0.9999999999999665,1.0,1.0,1.0,1.0,1,0.9686357838157288,1.0,0.9972645
180,1.0,1.0,1.0,0.9999995273543403,1.0,1.0,1.0,1.0,0,0.05251694709069218,1.0,0.9972645
181,1.0,1.0,1.0,1.0,1.0,1.0,1.0,1.0,1,0.9772555985216101,1.0,0.9972645
182,0.0,0.0,0.0,0.00021480447554832625,0.0,0.0,0.0,0.0,0,0.2203416313814082,0.0,0.0028897363
183,1.0,1.0,1.0,1.0,1.0,1.0,1.0,1.0,1,0.9462795002754743,1.0,0.9972645
184,0.0,0.0,0.0,0.0016138244067779922,0.0,0.0,0.0,0.0,1,0.8368356370541838,0.0,0.0028897363
185,1.0,1.0,1.0,1.0,1.0,1.0,1.0,1.0,1,0.9392696431800156,1.0,0.9972645
186,1.0,1.0,1.0,0.999916480655858,1.0,1.0,1.0,1.0,1,0.9531856085754872,1.0,0.9972645
187,1.0,1.0,1.0,1.0,1.0,1.0,1.0,1.0,1,0.9378315428077313,1.0,0.9972645
188,1.0,1.0,1.0,1.0,1.0,1.0,1.0,1.0,1,0.9030309444808493,1.0,0.9972645
189,1.0,0.0,1.0,1.0,1.0,0.87,1.0,0.0,1,0.9350745550952485,1.0,0.9972645
190,1.0,1.0,1.0,1.0,1.0,1.0,1.0,1.0,0,0.06012752642396643,1.0,0.9972645
191,0.0,0.0,0.0,1.7214178354370923e-05,0.0,0.0,0.0,0.0,0,0.7128887379117342,0.0,0.0028897363
192,0.0,0.0,0.0,0.0011258835870540465,0.0,0.09,0.0,0.0,1,0.651683336724079,0.0,0.0028897363
193,1.0,1.0,1.0,1.0,1.0,1.0,1.0,1.0,1,0.891087605792351,1.0,0.9972645
194,0.0,0.0,0.0,3.4548705422522644e-05,0.0,0.0,0.0,0.0,1,0.883967184192507,0.0,0.0028897363
195,0.0,0.0,0.0,0.0008310622184862924,0.0,0.09,0.0,0.0,0,0.07770236818372944,0.0,0.0028897363
196,1.0,1.0,1.0,0.9999999158244424,1.0,1.0,1.0,1.0,1,0.8988773046560478,1.0,0.9972645
197,0.0,0.0,0.0,2.634853102784468e-08,0.0,0.0,0.0,0.0,0,0.41716874905477336,0.0,0.0028897363
198,0.0,0.0,0.0,0.0016138244067779922,0.0,0.0,0.0,0.0,1,0.7480926885364277,0.0,0.0028897363
199,0.0,0.0,0.0,0.0016138244067779922,0.0,0.0,0.0,0.0,1,0.9622576246120842,0.0,0.0028897363
200,0.0,0.0,0.0,0.0016075774017528432,0.0,0.0,0.0,0.0,1,0.9198769419369808,0.0,0.0028897363
201,1.0,1.0,1.0,0.9999852683100591,1.0,1.0,1.0,1.0,1,0.9245098231424991,1.0,0.9972645
202,0.0,0.0,0.0,1.6588005645571247e-06,0.0,0.0,0.0,0.0,1,0.9296726163952329,0.0,0.0028897363
203,0.0,0.0,0.0,6.186446836267362e-07,0.0,0.0,0.0,0.0,0,0.02388545549364886,0.0,0.0028897363
204,1.0,1.0,1.0,1.0,1.0,1.0,1.0,1.0,1,0.868346805846322,1.0,0.9972645
205,0.0,0.0,0.0,0.0015767026660475402,0.0,0.0,0.0,0.0,1,0.8287623763846546,0.0,0.0028897363
206,0.0,0.0,0.0,4.476818003040517e-15,0.0,0.0,0.0,0.0,1,0.5442516682701033,0.0,0.0028897363
207,1.0,1.0,1.0,1.0,1.0,1.0,1.0,1.0,1,0.9326985110402999,1.0,0.9972645
208,0.0,0.0,0.0,0.0009086448001911509,0.0,0.06,0.0,0.0,1,0.9551237611496126,0.0,0.0028897363
209,0.0,0.0,0.0,4.838752398454156e-07,0.0,0.0,0.0,0.0,1,0.9602716287711033,0.0,0.0028897363
210,0.0,0.0,0.0,0.0015181822777581338,0.0,0.01,0.0,0.0,1,0.9772650167341815,0.0,0.0028897363
211,0.0,0.0,0.0,7.779083139103103e-07,0.0,0.0,0.0,0.0,0,0.005549274824571016,0.0,0.0028897363
212,1.0,1.0,1.0,0.9999671765773669,1.0,1.0,1.0,1.0,1,0.40823556610977174,1.0,0.9972645
213,1.0,1.0,1.0,1.0,1.0,1.0,1.0,1.0,1,0.9240573650479064,1.0,0.9972645
214,0.0,0.0,0.0,2.7368427986093003e-06,0.0,0.0,0.0,0.0,1,0.9917195782828208,0.0,0.0028897363
215,1.0,1.0,1.0,1.0,1.0,1.0,1.0,1.0,1,0.9238613599331151,1.0,0.9972645
216,0.0,0.0,0.0,0.00035665370832725,0.0,0.0,0.0,0.0,0,0.0033200569844555666,0.0,0.0028897363
217,1.0,1.0,1.0,1.0,1.0,1.0,1.0,1.0,1,0.9296726163952329,1.0,0.9972645
218,0.0,0.0,0.0,4.159156958202783e-05,0.0,0.0,0.0,0.0,1,0.883566744692595,0.0,0.0028897363
219,0.0,0.0,0.0,0.0016138244067779922,0.0,0.0,0.0,0.0,1,0.8233135071708471,0.0,0.0028897363
220,0.0,0.0,0.0,4.796907574159798e-05,0.0,0.0,0.0,0.0,1,0.9639118464686651,0.0,0.0028897363
221,0.0,0.0,0.0,3.205261360926238e-26,0.0,0.0,0.0,0.0,1,0.9220760786799921,0.0,0.0028897363
222,1.0,1.0,1.0,0.9999999999153188,1.0,1.0,1.0,1.0,1,0.912051298154147,1.0,0.9972645
223,0.0,0.0,0.0,1.6539069939993727e-06,0.0,0.0,0.0,0.0,0,0.038163568473946745,0.0,0.0028897363
224,1.0,1.0,1.0,0.9232131678085652,1.0,0.95,1.0,0.0,0,0.028031322490967674,1.0,0.9972645
225,1.0,1.0,1.0,1.0,1.0,1.0,1.0,1.0,1,0.9593802804031039,1.0,0.9972645
226,1.0,1.0,1.0,1.0,1.0,1.0,1.0,1.0,1,0.9528815287612256,1.0,0.9972645
227,1.0,0.0,1.0,0.9854034904040126,1.0,0.85,1.0,0.0,1,0.962538739102578,1.0,0.9972645
228,0.0,0.0,0.0,1.5237720827826026e-10,0.0,0.02,0.0,0.0,1,0.7489695377620389,0.0,0.0028897363
229,1.0,1.0,1.0,1.0,1.0,1.0,1.0,1.0,1,0.8973198663314658,1.0,0.9972645
230,1.0,1.0,1.0,1.0,1.0,1.0,1.0,1.0,1,0.5483279057011408,1.0,0.9972645
231,0.0,0.0,0.0,0.0016138244067779922,0.0,0.0,0.0,0.0,1,0.9328453607189383,0.0,0.0028897363
232,0.0,0.0,0.0,0.0016138244067779922,0.0,0.0,0.0,0.0,1,0.879255346205206,0.0,0.0028897363
233,0.0,0.0,0.0,3.844849505221869e-05,0.0,0.0,0.0,0.0,1,0.8644359199560576,0.0,0.0028897363
234,0.0,0.0,0.0,0.0015705991307144497,0.0,0.0,0.0,0.0,1,0.9162153417470952,0.0,0.0028897363
235,1.0,1.0,1.0,1.0,1.0,0.94,1.0,1.0,1,0.9592658614446782,1.0,0.9972645
236,1.0,1.0,1.0,1.0,1.0,1.0,1.0,1.0,1,0.9779329303758942,1.0,0.9972645
237,0.0,0.0,0.0,1.3387770726436147e-07,0.0,0.0,0.0,0.0,1,0.8756800123909807,0.0,0.0028897363
238,1.0,1.0,1.0,1.0,1.0,1.0,1.0,1.0,1,0.6656795248538117,1.0,0.9972645
239,0.0,0.0,0.0,4.2289784392369257e-07,0.0,0.0,0.0,0.0,1,0.9769352282564278,0.0,0.0028897363
240,0.0,0.0,0.0,0.0,0.0,0.0,0.0,0.0,1,0.8484256414121889,0.0,0.0028897363
241,0.0,0.0,0.0,0.0006628066355578766,0.0,0.0,0.0,0.0,1,0.8412055539028316,0.0,0.0028897363
242,1.0,1.0,1.0,0.9999941541759324,1.0,1.0,1.0,1.0,1,0.8451957847587553,1.0,0.9972645
243,1.0,1.0,1.0,0.999916333989081,1.0,1.0,1.0,1.0,1,0.9197476260786437,1.0,0.9972645
244,1.0,1.0,1.0,0.9999999839074563,1.0,1.0,1.0,1.0,1,0.947146652873046,1.0,0.9972645
245,0.0,0.0,0.0,6.955005585269414e-05,0.0,0.0,0.0,0.0,1,0.9544571450710266,0.0,0.0028897363
246,1.0,1.0,1.0,0.9989779383203897,1.0,0.97,1.0,1.0,1,0.947146652873046,1.0,0.9972645
247,1.0,1.0,1.0,1.0,1.0,1.0,1.0,1.0,1,0.6303062071297729,1.0,0.9972645
248,1.0,1.0,1.0,1.0,1.0,1.0,1.0,1.0,1,0.9431158472203355,1.0,0.9972645
249,1.0,1.0,1.0,0.9999999999999263,1.0,1.0,1.0,1.0,1,0.9708905500757538,1.0,0.9972645
250,0.0,0.0,0.0,3.222214757987294e-07,0.0,0.0,0.0,0.0,1,0.815573325592802,0.0,0.0028897363
251,0.0,0.0,0.0,0.0016075774017528432,0.0,0.0,0.0,0.0,1,0.9056553881419523,0.0,0.0028897363
252,0.0,0.0,0.0,7.775238044823495e-07,0.0,0.0,0.0,0.0,0,0.06074937316244169,0.0,0.0028897363
253,0.0,0.0,0.0,0.00016799626052334097,0.0,0.0,0.0,0.0,1,0.9220760786799921,0.0,0.0028897363
254,0.0,0.0,0.0,7.202637007536496e-36,0.0,0.06,0.0,0.0,1,0.9501827496750682,0.0,0.0028897363
255,1.0,1.0,1.0,1.0,1.0,1.0,1.0,1.0,1,0.8715341933135455,1.0,0.9972645
256,0.0,0.0,0.0,0.0016138244067779922,0.0,0.0,0.0,0.0,1,0.9556401963759772,0.0,0.0028897363
257,1.0,1.0,1.0,1.0,1.0,1.0,1.0,1.0,1,0.8725502853603868,1.0,0.9972645
258,0.0,0.0,0.0,0.0009377377797557652,0.0,0.03,0.0,0.0,1,0.9220760786799921,0.0,0.0028897363
259,1.0,1.0,1.0,0.9999999999667799,1.0,1.0,1.0,1.0,1,0.9292344473518285,1.0,0.9972645
260,0.0,0.0,0.0,0.0002624217421758389,0.0,0.04,0.0,0.0,1,0.49218076392795584,0.0,0.0028897363
261,0.0,0.0,0.0,0.0016138244067779922,0.0,0.0,0.0,0.0,0,0.23316868772135774,0.0,0.0028897363
262,1.0,1.0,1.0,1.0,1.0,1.0,1.0,1.0,1,0.9143197875375605,1.0,0.9972645
263,1.0,1.0,1.0,0.999999999999984,1.0,1.0,1.0,1.0,1,0.8454958040554514,1.0,0.9972645
264,0.0,0.0,0.0,0.0016138244067779922,0.0,0.0,0.0,0.0,1,0.7815126050420168,0.0,0.0028897363
265,0.0,0.0,0.0,3.3917220167390043e-18,0.0,0.0,0.0,0.0,1,0.9441128120306082,0.0,0.0028897363
266,0.0,0.0,0.0,0.008994635448415547,0.0,0.01,0.0,0.0,1,0.9819672957167235,0.0,0.0028897363
267,1.0,1.0,1.0,0.9999999999999916,1.0,1.0,1.0,1.0,1,0.9508014550800112,1.0,0.9972645
268,1.0,1.0,1.0,0.9999999158244424,1.0,1.0,1.0,1.0,1,0.9669051762163466,1.0,0.9972645
269,0.0,0.0,0.0,7.821497426664676e-05,0.0,0.02,0.0,0.0,0,0.0033200569844555666,0.0,0.0028897363
270,1.0,1.0,1.0,1.0,1.0,1.0,1.0,1.0,1,0.835983149861304,1.0,0.9972645
271,0.0,0.0,0.0,0.0016138244067779922,0.0,0.0,0.0,0.0,1,0.9772650167341815,0.0,0.0028897363
272,0.0,0.0,0.0,0.0016138244067779922,0.0,0.0,0.0,0.0,1,0.9674943737878722,0.0,0.0028897363
273,0.0,0.0,0.0,3.138026954056563e-11,0.0,0.0,0.0,0.0,0,0.14015170335037044,0.0,0.0028897363
274,0.0,0.0,0.0,3.5777193064615564e-05,0.0,0.0,0.0,0.0,1,0.8814887952434967,0.0,0.0028897363
275,0.0,0.0,0.0,0.0016138244067779922,0.0,0.0,0.0,0.0,1,0.9484586343854158,0.0,0.0028897363
276,0.0,0.0,0.0,4.535699947145063e-29,0.0,0.0,0.0,0.0,0,0.0033200569844555666,0.0,0.0028897363
277,0.0,0.0,0.0,7.798587698862623e-05,0.0,0.0,0.0,0.0,0,0.0852265784645477,0.0,0.0028897363
278,0.0,0.0,0.0,2.2847909416768037e-06,0.0,0.0,0.0,0.0,1,0.9563089342905294,0.0,0.0028897363
279,0.0,0.0,0.0,3.184409660557155e-06,0.0,0.0,0.0,0.0,1,0.9626133139792898,0.0,0.0028897363
280,0.0,0.0,0.0,1.9182476181521427e-10,0.0,0.0,0.0,0.0,1,0.9332815836237836,0.0,0.0028897363
281,1.0,1.0,1.0,0.9999989588867172,1.0,1.0,1.0,1.0,0,0.8171963503220353,1.0,0.9972645
282,1.0,1.0,1.0,0.9999999999999665,1.0,1.0,1.0,1.0,1,0.7242792820352927,1.0,0.9972645
283,0.0,0.0,0.0,1.6607880040789345e-06,0.0,0.0,0.0,0.0,1,0.9147372632700275,0.0,0.0028897363
284,0.0,0.0,0.0,1.1073080923200076e-07,0.0,0.0,0.0,0.0,1,0.8751510054464262,0.0,0.0028897363
285,1.0,1.0,1.0,1.0,1.0,1.0,1.0,1.0,0,0.25825614990526524,1.0,0.9972645
286,0.0,0.0,0.0,1.3438332113479199e-06,0.0,0.0,0.0,0.0,1,0.8869615211796554,0.0,0.0028897363
287,1.0,1.0,1.0,1.0,1.0,1.0,1.0,1.0,1,0.9251477955347289,1.0,0.9972645
288,0.0,0.0,0.0,1.434255085666819e-05,0.0,0.0,0.0,0.0,0,0.580393884050832,0.0,0.0028897363
289,0.0,0.0,0.0,0.0016138244067779922,0.0,0.0,0.0,0.0,1,0.8081157871413279,0.0,0.0028897363
290,1.0,1.0,1.0,0.08372878443712295,1.0,0.76,1.0,0.0,1,0.8082001343750591,1.0,0.9972645
291,1.0,1.0,1.0,1.0,1.0,1.0,1.0,1.0,1,0.9240778224420293,1.0,0.9972645
292,1.0,1.0,1.0,1.0,1.0,1.0,1.0,1.0,1,0.9737379918737563,1.0,0.9972645
293,1.0,1.0,1.0,0.9999989588867172,1.0,1.0,1.0,1.0,1,0.9204409614738837,1.0,0.9972645
294,0.0,0.0,0.0,7.889199054289482e-05,0.0,0.0,0.0,0.0,0,0.23851101362683516,0.0,0.0028897363
295,0.0,0.0,0.0,1.4834270909132029e-05,0.0,0.0,0.0,0.0,1,0.9697774439030258,0.0,0.0028897363
296,0.0,0.0,0.0,0.0016138244067779922,0.0,0.0,0.0,0.0,1,0.8809478040603048,0.0,0.0028897363
297,,,,,,,,,1,0.933457437576456,,
298,,,,,,,,,1,0.9136249541497683,,
299,,,,,,,,,1,0.9272361019448498,,
300,,,,,,,,,0,0.32118701299405517,,
301,,,,,,,,,1,0.8538716644418803,,
302,,,,,,,,,1,0.8602397075505082,,
303,,,,,,,,,1,0.8196064401169522,,
304,,,,,,,,,0,0.01267374850832669,,
305,,,,,,,,,1,0.8845760558458906,,
306,,,,,,,,,0,0.012212605490331116,,
307,,,,,,,,,1,0.9744316265483426,,
308,,,,,,,,,1,0.8821593664520985,,
309,,,,,,,,,0,0.027385111480371385,,
310,,,,,,,,,1,0.885143493944412,,
311,,,,,,,,,0,0.05447862729208792,,
312,,,,,,,,,1,0.7251062078805878,,
313,,,,,,,,,1,0.9292600580685335,,
314,,,,,,,,,0,0.33234765103279806,,
315,,,,,,,,,1,0.580393884050832,,
316,,,,,,,,,1,0.976648869774743,,
317,,,,,,,,,0,0.01267374850832669,,
318,,,,,,,,,1,0.9623043862472213,,
319,,,,,,,,,1,0.9713834629098749,,
320,,,,,,,,,1,0.8022990576726937,,
321,,,,,,,,,0,0.0033200569844555666,,
322,,,,,,,,,1,0.8487900202362615,,
323,,,,,,,,,1,0.9503244509409328,,
324,,,,,,,,,1,0.9261479961335077,,
325,,,,,,,,,1,0.8138026075774103,,
326,,,,,,,,,1,0.9308512337395417,,
327,,,,,,,,,0,0.11161654361419708,,
328,,,,,,,,,1,0.8350050604049113,,
329,,,,,,,,,1,0.9616416103631439,,
330,,,,,,,,,1,0.9339874861412804,,
331,,,,,,,,,1,0.9429773343956228,,
332,,,,,,,,,1,0.9560379207513798,,
333,,,,,,,,,0,0.4079207640698175,,
334,,,,,,,,,0,0.23316868772135774,,
335,,,,,,,,,1,0.9350745550952485,,
336,,,,,,,,,0,0.05247061118251553,,
337,,,,,,,,,1,0.9212231313715821,,
338,,,,,,,,,1,0.9191501635300271,,
339,,,,,,,,,0,0.14015170335037044,,
340,,,,,,,,,1,0.49383178277938716,,
341,,,,,,,,,1,0.8655367111204874,,
342,,,,,,,,,1,0.9182806153704925,,
343,,,,,,,,,1,0.9126194378367726,,
344,,,,,,,,,1,0.9692766161452269,,
345,,,,,,,,,0,0.7845770647331402,,
346,,,,,,,,,1,0.9360120232117441,,
347,,,,,,,,,0,0.028722718103688913,,
348,,,,,,,,,1,0.9596668602235608,,
349,,,,,,,,,1,0.9141371904894066,,
350,,,,,,,,,1,0.8961645890351373,,
351,,,,,,,,,1,0.9486194243611968,,
352,,,,,,,,,1,0.8614781531807782,,
353,,,,,,,,,0,0.027385111480371385,,
354,,,,,,,,,1,0.8853115730661544,,
355,,,,,,,,,1,0.937306633071609,,
356,,,,,,,,,1,0.8714521008608623,,
357,,,,,,,,,1,0.9612669124529127,,
358,,,,,,,,,1,0.8999481696089806,,
359,,,,,,,,,1,0.9521778970177459,,
360,,,,,,,,,1,0.9644403026239698,,
361,,,,,,,,,1,0.8886925264774705,,
362,,,,,,,,,1,0.9810562322949987,,
363,,,,,,,,,1,0.9944643446072794,,
364,,,,,,,,,1,0.8303045452796478,,
365,,,,,,,,,1,0.9258355138778432,,
366,,,,,,,,,1,0.9575124981041554,,
367,,,,,,,,,1,0.8834168837254596,,
368,,,,,,,,,1,0.9452135833026842,,
369,,,,,,,,,1,0.7957175181492344,,
370,,,,,,,,,1,0.9289382266213284,,
371,,,,,,,,,1,0.9314511897737682,,
372,,,,,,,,,1,0.9316418021274024,,
373,,,,,,,,,0,0.1885552794033764,,
374,,,,,,,,,1,0.9469959920270237,,
375,,,,,,,,,1,0.8443552468129392,,
376,,,,,,,,,1,0.9543914748403399,,
377,,,,,,,,,1,0.9392696431800156,,
378,,,,,,,,,1,0.9514837386246937,,
379,,,,,,,,,1,0.9289413050081529,,
380,,,,,,,,,1,0.8383131240733983,,
381,,,,,,,,,1,0.5992666361871185,,
382,,,,,,,,,1,0.9100223913711839,,
383,,,,,,,,,1,0.8699760737333192,,
384,,,,,,,,,1,0.9203979554001904,,
385,,,,,,,,,1,0.890802450746355,,
386,,,,,,,,,1,0.9442305212295299,,
387,,,,,,,,,1,0.8454958040554514,,
388,,,,,,,,,0,0.010702385566059578,,
389,,,,,,,,,1,0.8465327852362766,,
390,,,,,,,,,1,0.9382139660764808,,
391,,,,,,,,,1,0.9311890276252401,,
392,,,,,,,,,1,0.9246748166038476,,
393,,,,,,,,,1,0.9316887826634102,,
394,,,,,,,,,0,0.01267374850832669,,
395,,,,,,,,,1,0.9505238159736679,,
396,,,,,,,,,0,0.023957039858044777,,
397,,,,,,,,,0,0.013547222856039706,,
398,,,,,,,,,1,0.9348985266387596,,
399,,,,,,,,,0,0.01130897364688834,,
400,,,,,,,,,1,0.9596384859367151,,
401,,,,,,,,,0,0.284612889729182,,
402,,,,,,,,,1,0.8227676235755491,,
403,,,,,,,,,1,0.8915982108612237,,
404,,,,,,,,,1,0.9618979689749944,,
405,,,,,,,,,1,0.9489405208330852,,
406,,,,,,,,,1,0.9644317947469516,,
407,,,,,,,,,1,0.8429635088397417,,
408,,,,,,,,,0,0.6701975309307341,,
409,,,,,,,,,1,0.9804543548235073,,
410,,,,,,,,,1,0.9569977136181975,,
411,,,,,,,,,1,0.922646605676445,,
412,,,,,,,,,0,0.7300274564169315,,
413,,,,,,,,,1,0.8578176201374074,,
414,,,,,,,,,1,0.9183310159272613,,
415,,,,,,,,,1,0.884964333820117,,
416,,,,,,,,,0,0.05251694709069218,,
417,,,,,,,,,0,0.0033200569844555666,,
418,,,,,,,,,1,0.9496285982089452,,
419,,,,,,,,,1,0.9707503840963368,,
420,,,,,,,,,1,0.5456312101952953,,
421,,,,,,,,,0,0.6297742384126778,,
422,,,,,,,,,1,0.9667852526446827,,
423,,,,,,,,,0,0.011423255502870945,,
424,,,,,,,,,0,0.04225738617633595,,
425,,,,,,,,,1,0.912455040173937,,
426,,,,,,,,,0,0.1360578795822172,,
427,,,,,,,,,1,0.9662709779740916,,
428,,,,,,,,,1,0.9708431438201856,,
429,,,,,,,,,1,0.9261496606707804,,
430,,,,,,,,,1,0.9320194496262227,,
431,,,,,,,,,1,0.8871050638673883,,
432,,,,,,,,,1,0.9817689933819066,,
433,,,,,,,,,1,0.9450259271310768,,
434,,,,,,,,,1,0.9385482370757339,,
435,,,,,,,,,1,0.9115919810733302,,
436,,,,,,,,,1,0.815949718179676,,
437,,,,,,,,,1,0.9464316232048229,,
438,,,,,,,,,0,0.7068947062775575,,
439,,,,,,,,,0,0.04971664611465441,,
440,,,,,,,,,1,0.9106353344152333,,
441,,,,,,,,,1,0.9324591736768298,,
442,,,,,,,,,1,0.8623032352982533,,
443,,,,,,,,,1,0.8822181626091016,,
444,,,,,,,,,1,0.8494573402170278,,
445,,,,,,,,,1,0.9534077815171255,,
446,,,,,,,,,1,0.7202155113539206,,
447,,,,,,,,,1,0.953033421268011,,
448,,,,,,,,,1,0.9176071554107529,,
449,,,,,,,,,1,0.9131196633455397,,
450,,,,,,,,,1,0.9598235435569643,,
451,,,,,,,,,0,0.9282782088953269,,
452,,,,,,,,,1,0.9283479201405623,,
453,,,,,,,,,1,0.916782191398445,,
454,,,,,,,,,0,0.7937477063542281,,
455,,,,,,,,,1,0.9360586698816615,,
456,,,,,,,,,1,0.9910848804311615,,
457,,,,,,,,,1,0.9592491402046093,,
458,,,,,,,,,1,0.9480345963925546,,
459,,,,,,,,,0,0.14464570352811298,,
460,,,,,,,,,1,0.9016686527605834,,
461,,,,,,,,,1,0.8975881076871266,,
462,,,,,,,,,1,0.9346360362414595,,
463,,,,,,,,,1,0.887666321575848,,
464,,,,,,,,,1,0.9478621173228983,,
465,,,,,,,,,1,0.9182666861474775,,
466,,,,,,,,,0,0.7815126050420168,,
467,,,,,,,,,0,0.8042224632191343,,
468,,,,,,,,,1,0.9634035845257545,,
469,,,,,,,,,1,0.913474048960393,,
470,,,,,,,,,1,0.8593751935046697,,
471,,,,,,,,,1,0.9354951566572046,,
472,,,,,,,,,1,0.9478611530485959,,
473,,,,,,,,,1,0.934373876285001,,
474,,,,,,,,,1,0.9601561092568909,,
475,,,,,,,,,1,0.8875759407408393,,
476,,,,,,,,,0,0.08707646689382503,,
477,,,,,,,,,1,0.8434377825321764,,
478,,,,,,,,,1,0.982921511456135,,
479,,,,,,,,,1,0.9686642046233489,,
480,,,,,,,,,0,0.4168254720289789,,
481,,,,,,,,,1,0.9507056710251287,,
482,,,,,,,,,1,0.9303546584012339,,
483,,,,,,,,,1,0.8580666499209492,,
484,,,,,,,,,1,0.9507200958694018,,
485,,,,,,,,,1,0.9385302032475765,,
486,,,,,,,,,1,0.8679862665221042,,
487,,,,,,,,,1,0.8454958040554514,,
488,,,,,,,,,1,0.9354414622145732,,
489,,,,,,,,,1,0.9037953089020295,,
490,,,,,,,,,1,0.9226317163738297,,
491,,,,,,,,,1,0.8501874601364879,,
492,,,,,,,,,1,0.9349676241798485,,
493,,,,,,,,,1,0.962538739102578,,
494,,,,,,,,,1,0.8961267898549521,,
495,,,,,,,,,1,0.9524729684341421,,
496,,,,,,,,,1,0.7038764555466703,,
497,,,,,,,,,1,0.8535169669775252,,
498,,,,,,,,,0,0.30300399669173084,,
499,,,,,,,,,0,0.5872235676466077,,
500,,,,,,,,,1,0.9242347550978655,,
501,,,,,,,,,1,0.9292600580685335,,
502,,,,,,,,,1,0.8961842418883292,,
503,,,,,,,,,0,0.44210362841500117,,
504,,,,,,,,,1,0.8355226089684255,,
505,,,,,,,,,1,0.8606389425135188,,
506,,,,,,,,,1,0.9179809502972052,,
507,,,,,,,,,0,0.6084168029215987,,
508,,,,,,,,,1,0.9690510362345136,,
509,,,,,,,,,0,0.01267374850832669,,
510,,,,,,,,,1,0.7853938857732635,,
511,,,,,,,,,1,0.9719480934000125,,
512,,,,,,,,,1,0.7815126050420168,,
513,,,,,,,,,1,0.772782080447243,,
514,,,,,,,,,1,0.7815126050420168,,
515,,,,,,,,,1,0.9526614686983961,,
516,,,,,,,,,1,0.9713852924017504,,
517,,,,,,,,,1,0.8325693066354534,,
518,,,,,,,,,1,0.9534504561238107,,
519,,,,,,,,,1,0.9026024476871701,,
520,,,,,,,,,1,0.9207892529619892,,
521,,,,,,,,,1,0.9091442998073577,,
522,,,,,,,,,1,0.970318893333243,,
523,,,,,,,,,1,0.9648862555912262,,
524,,,,,,,,,1,0.9204899164237523,,
525,,,,,,,,,0,0.05510954537544591,,
526,,,,,,,,,1,0.8029247158957741,,
527,,,,,,,,,1,0.9621283259437436,,
528,,,,,,,,,1,0.908501044579215,,
529,,,,,,,,,1,0.9752049211335652,,
530,,,,,,,,,1,0.7565463965289003,,
531,,,,,,,,,1,0.9599476866923536,,
532,,,,,,,,,0,0.4168254720289789,,
533,,,,,,,,,1,0.8163025730130963,,
534,,,,,,,,,1,0.9301110755280217,,
535,,,,,,,,,1,0.8923277480131007,,
536,,,,,,,,,1,0.93197792340247,,
537,,,,,,,,,1,0.8981896836938216,,
538,,,,,,,,,1,0.8813905487589172,,
539,,,,,,,,,0,0.13749177145489144,,
540,,,,,,,,,0,0.5279133476530506,,
541,,,,,,,,,1,0.9043270771414679,,
542,,,,,,,,,0,0.021305817825951184,,
543,,,,,,,,,1,0.9526034125529305,,
544,,,,,,,,,1,0.9308107936054054,,
545,,,,,,,,,0,0.45575157488553886,,
546,,,,,,,,,0,0.11105673838623392,,
547,,,,,,,,,0,0.10334535195599182,,
548,,,,,,,,,0,0.7815126050420168,,
549,,,,,,,,,1,0.90229143840951,,
550,,,,,,,,,1,0.9656752190075295,,
551,,,,,,,,,1,0.9299003116368341,,
552,,,,,,,,,1,0.9275672833044099,,
553,,,,,,,,,1,0.9520400281414678,,
554,,,,,,,,,1,0.8486800604936493,,
555,,,,,,,,,1,0.7815126050420168,,
556,,,,,,,,,1,0.910223547928699,,
557,,,,,,,,,0,0.7815126050420168,,
558,,,,,,,,,1,0.9374438723540902,,
559,,,,,,,,,1,0.9376361096074866,,
560,,,,,,,,,0,0.4079207640698175,,
561,,,,,,,,,1,0.8696684163629804,,
562,,,,,,,,,1,0.8090575811102825,,
563,,,,,,,,,1,0.965243502244295,,
564,,,,,,,,,1,0.9416905313759627,,
565,,,,,,,,,1,0.9521180070661013,,
566,,,,,,,,,1,0.9053039387888139,,
567,,,,,,,,,1,0.9460619518768651,,
568,,,,,,,,,1,0.9744799393362215,,
569,,,,,,,,,1,0.9625168109753585,,
570,,,,,,,,,1,0.9299028425981781,,
571,,,,,,,,,1,0.9426323547451639,,
572,,,,,,,,,1,0.9378086220988769,,
573,,,,,,,,,0,0.977582337486707,,
574,,,,,,,,,1,0.9114887944306889,,
575,,,,,,,,,0,0.4203538947502264,,
576,,,,,,,,,1,0.8895630509081065,,
577,,,,,,,,,0,0.027385111480371385,,
578,,,,,,,,,1,0.854664881564548,,
579,,,,,,,,,1,0.9586648785427921,,
580,,,,,,,,,1,0.6528891019113345,,
581,,,,,,,,,1,0.9296726163952329,,
582,,,,,,,,,1,0.9304024653466615,,
583,,,,,,,,,0,0.10356321115763903,,
584,,,,,,,,,1,0.9100577719613577,,
585,,,,,,,,,1,0.9388383665697134,,
586,,,,,,,,,1,0.8688484963416715,,
587,,,,,,,,,1,0.8919999212034776,,
588,,,,,,,,,1,0.9009721349825387,,
589,,,,,,,,,1,0.8909536263445537,,
590,,,,,,,,,1,0.9546756688964728,,
591,,,,,,,,,1,0.5100997355156739,,
592,,,,,,,,,1,0.8970255369453259,,
593,,,,,,,,,1,0.8492839893290055,,
594,,,,,,,,,1,0.9137444461948377,,
595,,,,,,,,,1,0.9389770321238355,,
596,,,,,,,,,1,0.9469721270405056,,
597,,,,,,,,,1,0.8962744921543864,,
598,,,,,,,,,1,0.9573661440447001,,
599,,,,,,,,,1,0.925045604198344,,
600,,,,,,,,,1,0.943045732396534,,
601,,,,,,,,,1,0.9148697100294316,,
602,,,,,,,,,1,0.9543386622508901,,
603,,,,,,,,,0,0.03787551744634438,,
604,,,,,,,,,1,0.8839307956512629,,
605,,,,,,,,,1,0.7815126050420168,,
606,,,,,,,,,1,0.7105340808288173,,
607,,,,,,,,,1,0.884457641034554,,
608,,,,,,,,,1,0.9344309030785186,,
609,,,,,,,,,1,0.9777359076200168,,
610,,,,,,,,,1,0.955478424942874,,
611,,,,,,,,,1,0.923399493085576,,
612,,,,,,,,,1,0.8513926412680604,,
613,,,,,,,,,1,0.8454958040554514,,
614,,,,,,,,,1,0.9651777527016128,,
615,,,,,,,,,1,0.9610587356531033,,
616,,,,,,,,,0,0.10356321115763903,,
617,,,,,,,,,1,0.8406750995920907,,
618,,,,,,,,,1,0.9686642046233489,,
619,,,,,,,,,1,0.9524810356936133,,
620,,,,,,,,,1,0.7899030699080785,,
621,,,,,,,,,1,0.9141371904894066,,
622,,,,,,,,,1,0.6585377191341334,,
623,,,,,,,,,0,0.7538817433151437,,
624,,,,,,,,,1,0.8503720735292082,,
625,,,,,,,,,1,0.8457799478460994,,
626,,,,,,,,,0,0.05251694709069218,,
627,,,,,,,,,1,0.8243273817950102,,
628,,,,,,,,,1,0.899716767083772,,
629,,,,,,,,,1,0.849109746830915,,
630,,,,,,,,,1,0.8707851764838789,,
631,,,,,,,,,1,0.9019979080111141,,
632,,,,,,,,,1,0.8930417664449657,,
633,,,,,,,,,1,0.8585987707584232,,
634,,,,,,,,,1,0.8967411876696113,,
635,,,,,,,,,1,0.9102446663869418,,
636,,,,,,,,,1,0.9416905313759627,,
637,,,,,,,,,0,0.036362434682806866,,
638,,,,,,,,,1,0.8622238624813915,,
639,,,,,,,,,1,0.9191935779135519,,
640,,,,,,,,,1,0.9425461337925631,,
641,,,,,,,,,1,0.9751751610744034,,
642,,,,,,,,,1,0.7002215278220254,,
643,,,,,,,,,1,0.9240710324860042,,
644,,,,,,,,,1,0.7941134036459913,,
645,,,,,,,,,1,0.9509243288687914,,
646,,,,,,,,,1,0.8837012011429899,,
647,,,,,,,,,0,0.4079207640698175,,
648,,,,,,,,,1,0.8491707001398289,,
649,,,,,,,,,1,0.8995101518994448,,
650,,,,,,,,,1,0.9238176717132257,,
651,,,,,,,,,1,0.8473437772913688,,
652,,,,,,,,,1,0.9117738611818669,,
653,,,,,,,,,1,0.9645655991398093,,
654,,,,,,,,,1,0.9038491486826107,,
655,,,,,,,,,0,0.1992907282136023,,
656,,,,,,,,,1,0.8652993376237821,,
657,,,,,,,,,1,0.8884901681573779,,
658,,,,,,,,,1,0.9478833008123901,,
659,,,,,,,,,1,0.7815126050420168,,
660,,,,,,,,,1,0.8541842756737914,,
661,,,,,,,,,1,0.9640618277680693,,
662,,,,,,,,,1,0.9219138685707423,,
663,,,,,,,,,0,0.015607341292585522,,
664,,,,,,,,,1,0.932524876164306,,
665,,,,,,,,,0,0.04971664611465441,,
666,,,,,,,,,1,0.832586098848973,,
667,,,,,,,,,0,0.13515298051312677,,
668,,,,,,,,,1,0.8034363172917026,,
669,,,,,,,,,1,0.943045732396534,,
670,,,,,,,,,0,0.05251694709069218,,
671,,,,,,,,,0,0.06012752642396643,,
672,,,,,,,,,0,0.031170515248899484,,
673,,,,,,,,,1,0.9564092643477425,,
674,,,,,,,,,1,0.9265760538917225,,
675,,,,,,,,,1,0.7568337126591701,,
676,,,,,,,,,1,0.9250765000538077,,
677,,,,,,,,,1,0.965939053668198,,
678,,,,,,,,,1,0.8969297237329904,,
679,,,,,,,,,1,0.9223600079278081,,
680,,,,,,,,,1,0.9036912906209993,,
681,,,,,,,,,1,0.8751239630050508,,
682,,,,,,,,,1,0.8818579284355645,,
683,,,,,,,,,1,0.9172890150863635,,
684,,,,,,,,,1,0.8216970091202052,,
685,,,,,,,,,1,0.8833090162275276,,
686,,,,,,,,,1,0.8715185546790215,,
687,,,,,,,,,0,0.6183408146082734,,
688,,,,,,,,,1,0.8873596728870494,,
689,,,,,,,,,1,0.9561123056684111,,
690,,,,,,,,,1,0.9595823481883813,,
691,,,,,,,,,1,0.9440610700376769,,
692,,,,,,,,,1,0.6854937654646323,,
693,,,,,,,,,1,0.9228992872908066,,
694,,,,,,,,,1,0.8984338825551156,,
695,,,,,,,,,0,0.023957039858044777,,
696,,,,,,,,,0,0.004446995163337193,,
697,,,,,,,,,1,0.9263310609214457,,
698,,,,,,,,,1,0.7601114024759141,,
699,,,,,,,,,1,0.5066321807954446,,
700,,,,,,,,,1,0.8898160917599707,,
701,,,,,,,,,1,0.879255346205206,,
702,,,,,,,,,1,0.9502482641172448,,
703,,,,,,,,,0,0.01267374850832669,,
704,,,,,,,,,1,0.9586309871878089,,
705,,,,,,,,,1,0.9392696431800156,,
706,,,,,,,,,1,0.9373219253991609,,
707,,,,,,,,,1,0.9467104941048758,,
708,,,,,,,,,1,0.9575821228043577,,
709,,,,,,,,,0,0.1399634950764977,,
710,,,,,,,,,1,0.8915982108612237,,
711,,,,,,,,,1,0.8638617800101092,,
712,,,,,,,,,1,0.8958091724515679,,
713,,,,,,,,,1,0.8731822520552712,,
